{
  "color": {
    "global": {
      "primary": {
        "200": {
          "value": "#E2F5FF",
          "type": "color"
        },
        "300": {
          "value": "#C0D0E9",
          "type": "color"
        },
        "400": {
          "value": "#71ADD9",
          "type": "color"
        },
        "500": {
          "value": "#4687bd",
          "type": "color"
        },
        "600": {
          "value": "#001F36",
          "type": "color"
        }
      },
      "secondary": {
        "200": {
          "value": "#FFEDFD",
          "type": "color"
        },
        "300": {
          "value": "#F5B8EF",
          "type": "color"
        },
        "400": {
          "value": "#FF88F3",
          "type": "color"
        },
        "500": {
          "value": "#F85EFB",
          "type": "color"
        }
      },
      "semantic": {
        "info": {
          "value": "#367CE5",
          "type": "color"
        },
        "alert": {
          "value": "#FFED48",
          "type": "color"
        },
        "success": {
          "value": "#5EF351",
          "type": "color"
        },
        "error": {
          "value": "#FF3A3A",
          "type": "color"
        }
      },
      "neutral": {
        "50": {
          "value": "#FFFFFF",
          "type": "color"
        },
        "100": {
          "value": "#F5F5F5",
          "type": "color"
        },
        "150": {
          "value": "#E4E4E4",
          "type": "color"
        },
        "300": {
          "value": "#B3B3B3",
          "type": "color"
        },
        "400": {
          "value": "#7C7C7C",
          "type": "color"
        },
        "500": {
          "value": "#414141",
          "type": "color"
        },
        "900": {
          "value": "#101010",
          "type": "color"
        },
        "1000": {
          "value": "#000",
          "type": "color"
        }
      }
    }
  },
  "borderRadius": {
    "circle": {
      "value": "100",
      "type": "borderRadius"
    },
    "large": {
      "value": "16",
      "type": "borderRadius"
    },
    "medium": {
      "value": "8",
      "type": "borderRadius"
    },
    "small": {
      "value": "4",
      "type": "borderRadius"
    },
    "zero": {
      "value": "0",
      "type": "borderRadius"
    }
  },
  "typography": {
    "superTitle": {
      "value": {
        "fontFamily": "{fontFamilies.roboto}",
        "fontWeight": "{fontWeights.roboto-0}",
        "lineHeight": "{lineHeights.0}",
        "fontSize": "{fontSize.9}",
        "letterSpacing": "{letterSpacing.0}",
        "paragraphSpacing": "{paragraphSpacing.0}",
        "paragraphIndent": "{paragraphIndent.0}",
        "textCase": "{textCase.none}",
        "textDecoration": "{textDecoration.none}"
      },
      "type": "typography"
    },
    "title1": {
      "value": {
        "fontFamily": "{fontFamilies.roboto}",
        "fontWeight": "{fontWeights.roboto-0}",
        "lineHeight": "{lineHeights.0}",
        "fontSize": "{fontSize.8}",
        "letterSpacing": "{letterSpacing.0}",
        "paragraphSpacing": "{paragraphSpacing.0}",
        "paragraphIndent": "{paragraphIndent.0}",
        "textCase": "{textCase.none}",
        "textDecoration": "{textDecoration.none}"
      },
      "type": "typography"
    },
    "title2": {
      "value": {
        "fontFamily": "{fontFamilies.roboto}",
        "fontWeight": "{fontWeights.roboto-1}",
        "lineHeight": "{lineHeights.0}",
        "fontSize": "{fontSize.7}",
        "letterSpacing": "{letterSpacing.0}",
        "paragraphSpacing": "{paragraphSpacing.0}",
        "paragraphIndent": "{paragraphIndent.0}",
        "textCase": "{textCase.none}",
        "textDecoration": "{textDecoration.none}"
      },
      "type": "typography"
    },
    "title3": {
      "value": {
        "fontFamily": "{fontFamilies.roboto}",
        "fontWeight": "{fontWeights.roboto-1}",
        "lineHeight": "{lineHeights.0}",
        "fontSize": "{fontSize.6}",
        "letterSpacing": "{letterSpacing.0}",
        "paragraphSpacing": "{paragraphSpacing.0}",
        "paragraphIndent": "{paragraphIndent.0}",
        "textCase": "{textCase.none}",
        "textDecoration": "{textDecoration.none}"
      },
      "type": "typography"
    },
    "title4": {
      "value": {
        "fontFamily": "{fontFamilies.roboto}",
        "fontWeight": "{fontWeights.roboto-1}",
        "lineHeight": "{lineHeights.0}",
        "fontSize": "{fontSize.5}",
        "letterSpacing": "{letterSpacing.0}",
        "paragraphSpacing": "{paragraphSpacing.0}",
        "paragraphIndent": "{paragraphIndent.0}",
        "textCase": "{textCase.none}",
        "textDecoration": "{textDecoration.none}"
      },
      "type": "typography"
    },
    "subtitle": {
      "value": {
        "fontFamily": "{fontFamilies.roboto}",
        "fontWeight": "{fontWeights.roboto-1}",
        "lineHeight": "{lineHeights.0}",
        "fontSize": "{fontSize.4}",
        "letterSpacing": "{letterSpacing.0}",
        "paragraphSpacing": "{paragraphSpacing.0}",
        "paragraphIndent": "{paragraphIndent.0}",
        "textCase": "{textCase.none}",
        "textDecoration": "{textDecoration.none}"
      },
      "type": "typography"
    },
    "body": {
      "value": {
        "fontFamily": "{fontFamilies.roboto}",
        "fontWeight": "{fontWeights.roboto-2}",
        "lineHeight": "{lineHeights.0}",
        "fontSize": "{fontSize.3}",
        "letterSpacing": "{letterSpacing.0}",
        "paragraphSpacing": "{paragraphSpacing.0}",
        "paragraphIndent": "{paragraphIndent.0}",
        "textCase": "{textCase.none}",
        "textDecoration": "{textDecoration.none}"
      },
      "type": "typography"
    },
    "small": {
      "value": {
        "fontFamily": "{fontFamilies.roboto}",
        "fontWeight": "{fontWeights.roboto-3}",
        "lineHeight": "{lineHeights.0}",
        "fontSize": "{fontSize.2}",
        "letterSpacing": "{letterSpacing.0}",
        "paragraphSpacing": "{paragraphSpacing.0}",
        "paragraphIndent": "{paragraphIndent.0}",
        "textCase": "{textCase.none}",
        "textDecoration": "{textDecoration.none}"
      },
      "type": "typography"
    },
    "superSmall": {
      "value": {
        "fontFamily": "{fontFamilies.roboto}",
        "fontWeight": "{fontWeights.roboto-3}",
        "lineHeight": "{lineHeights.0}",
        "fontSize": "{fontSize.1}",
        "letterSpacing": "{letterSpacing.0}",
        "paragraphSpacing": "{paragraphSpacing.0}",
        "paragraphIndent": "{paragraphIndent.0}",
        "textCase": "{textCase.none}",
        "textDecoration": "{textDecoration.none}"
      },
      "type": "typography"
    },
    "extraSmall": {
      "value": {
        "fontFamily": "{fontFamilies.roboto}",
        "fontWeight": "{fontWeights.roboto-1}",
        "lineHeight": "{lineHeights.0}",
        "fontSize": "{fontSize.0}",
        "letterSpacing": "{letterSpacing.0}",
        "paragraphSpacing": "{paragraphSpacing.0}",
        "paragraphIndent": "{paragraphIndent.0}",
        "textCase": "{textCase.none}",
        "textDecoration": "{textDecoration.none}"
      },
      "type": "typography"
    }
  },
  "fontFamilies": {
    "roboto": {
      "value": "Roboto",
      "type": "fontFamilies"
    }
  },
  "lineHeights": {
    "0": {
      "value": "AUTO",
      "type": "lineHeights"
    }
  },
  "fontWeights": {
    "roboto-0": {
      "value": "ExtraBold",
      "type": "fontWeights"
    },
    "roboto-1": {
      "value": "Bold",
      "type": "fontWeights"
    },
    "roboto-2": {
      "value": "Regular",
      "type": "fontWeights"
    },
    "roboto-3": {
      "value": "SemiBold",
      "type": "fontWeights"
    }
  },
  "fontSize": {
    "0": {
      "value": "10",
      "type": "fontSizes"
    },
    "1": {
      "value": "12",
      "type": "fontSizes"
    },
    "2": {
      "value": "16",
      "type": "fontSizes"
    },
    "3": {
      "value": "20",
      "type": "fontSizes"
    },
    "4": {
      "value": "24",
      "type": "fontSizes"
    },
    "5": {
      "value": "32",
      "type": "fontSizes"
    },
    "6": {
      "value": "40",
      "type": "fontSizes"
    },
    "7": {
      "value": "48",
      "type": "fontSizes"
    },
    "8": {
      "value": "64",
      "type": "fontSizes"
    },
    "9": {
      "value": "96",
      "type": "fontSizes"
    }
  },
  "letterSpacing": {
    "0": {
      "value": "0%",
      "type": "letterSpacing"
    }
  },
  "paragraphSpacing": {
    "0": {
      "value": "0",
      "type": "paragraphSpacing"
    }
  },
  "textCase": {
    "none": {
      "value": "none",
      "type": "textCase"
    }
  },
  "textDecoration": {
    "none": {
      "value": "none",
      "type": "textDecoration"
    }
  },
  "paragraphIndent": {
    "0": {
      "value": "0px",
      "type": "dimension"
    }
  },
  "breakpoint": {
    "bigScreen": {
      "value": "1200",
      "type": "sizing"
    },
    "mediumScreen": {
      "value": "992",
      "type": "sizing"
    },
    "smallScreen": {
      "value": "768",
      "type": "sizing"
    },
    "superSmallScreen": {
      "value": "576",
      "type": "sizing"
    }
  }
}