{
  "color": {
    "background": {
      "container": {
        "neutral1": {
          "normal": {
            "value": "{color.global.neutral.50}",
            "type": "color"
          },
          "hover": {
            "value": "{color.global.neutral.100}",
            "type": "color"
          },
          "focus": {
            "value": "{color.global.neutral.150}",
            "type": "color"
          }
        },
        "transparent050": {
          "normal": {
            "value": "{color.global.neutral.50}80",
            "type": "color"
          },
          "hover": {
            "value": "{color.global.neutral.100}80",
            "type": "color"
          },
          "focus": {
            "value": "{color.global.neutral.150}80",
            "type": "color"
          }
        },
        "transparent025": {
          "normal": {
            "value": "{color.global.neutral.50}40",
            "type": "color"
          },
          "hover": {
            "value": "{color.global.neutral.100}40",
            "type": "color"
          },
          "focus": {
            "value": "{color.global.neutral.150}40",
            "type": "color"
          }
        }
      },
      "tag": {
        "neutral1": {
          "normal": {
            "value": "{color.global.neutral.50}",
            "type": "color"
          },
          "focus": {
            "value": "{color.global.neutral.300}",
            "type": "color"
          }
        },
        "primary": {
          "normal": {
            "value": "#C6DFF2",
            "type": "color"
          },
          "focus": {
            "value": "{color.global.primary.200}",
            "type": "color"
          }
        },
        "neutral2": {
          "normal": {
            "value": "{color.global.neutral.300}",
            "type": "color"
          },
          "focus": {
            "value": "{color.global.neutral.300}",
            "type": "color"
          }
        },
        "secondary": {
          "normal": {
            "value": "{color.global.secondary.400}",
            "type": "color"
          },
          "focus": {
            "value": "{color.global.secondary.300}",
            "type": "color"
          }
        }
      },
      "button": {
        "primary": {
          "normal": {
            "value": "{color.global.primary.300}",
            "type": "color"
          },
          "hover": {
            "value": "{color.global.primary.200}",
            "type": "color"
          },
          "focus": {
            "value": "{color.global.neutral.50}",
            "type": "color"
          }
        },
        "secondary": {
          "normal": {
            "value": "{color.global.secondary.400}",
            "type": "color"
          },
          "hover": {
            "value": "{color.global.secondary.300}",
            "type": "color"
          },
          "focus": {
            "value": "{color.global.secondary.200}",
            "type": "color"
          }
        },
        "special": {
          "special1": {
            "value": "conic-gradient(from 180deg at 50% 50%, {color.global.secondary.500} 58.12499821186066deg, {color.global.primary.500} 161.2499964237213deg, {color.global.primary.400}b8 279.3750071525574deg)",
            "type": "color"
          }
        },
        "neutral": {
          "150": {
            "normal": {
              "value": "{color.global.neutral.150}",
              "type": "color"
            },
            "hover": {
              "value": "{color.global.neutral.100}",
              "type": "color"
            },
            "focus": {
              "value": "{color.global.neutral.300}",
              "type": "color"
            }
          }
        }
      },
      "general": {
        "certifications": {
          "value": "linear-gradient(90deg, {color.global.primary.400} 0%, #d1d1d1 100%)",
          "type": "color"
        },
        "navheader": {
          "value": "{color.global.neutral.100}B8",
          "type": "color"
        },
        "body": {
          "value": "linear-gradient(180deg, {color.global.primary.200} 0%, rgba(71, 77, 82, 0.55) 88.54%)",
          "type": "color"
        },
        "header": {
          "value": "linear-gradient(236deg, rgba(91, 152, 198, 0.63) 7.41%, #E2F5FF 68.94%);",
          "type": "color"
        },
        "footer": {
          "value": "{color.global.neutral.500}",
          "type": "color"
        },
        "concepts": {
          "value": "linear-gradient(90deg, #D8ADD3 0.1%, #C1C1C1 98.41%);",
          "type": "color"
        }
      }
    },
    "text": {
      "neutral": {
        "50": {
          "value": "{color.global.neutral.50}",
          "type": "color"
        },
        "100": {
          "value": "{color.global.neutral.100}",
          "type": "color"
        },
        "150": {
          "value": "{color.global.neutral.300}",
          "type": "color"
        },
        "300": {
          "value": "{color.global.neutral.400}",
          "type": "color"
        },
        "400": {
          "value": "{color.global.neutral.500}",
          "type": "color"
        },
        "500": {
          "value": "{color.global.neutral.900}",
          "type": "color"
        },
        "900": {
          "value": "{color.global.neutral.1000}",
          "type": "color"
        }
      },
      "special": {
        "principle": {
          "value": "{color.global.neutral.900}40",
          "type": "color"
        }
      }
    },
    "viewShadow": {
      "primary": {
        "value": "{color.global.primary.500}",
        "type": "color"
      },
      "secondary": {
        "value": "{color.global.secondary.400}",
        "type": "color"
      },
      "neutral": {
        "value": "{color.global.neutral.900}",
        "type": "color"
      }
    },
    "circle": {
      "header": {
        "value": "linear-gradient(161deg, #FFF 16.19%, rgba(255, 255, 255, 0.00) 68.7%)",
        "type": "color"
      },
      "values": {
        "value": "linear-gradient(161deg, #FFF 27.08%, rgba(134, 134, 134, 0.00) 84.61%)",
        "type": "color"
      },
      "concepts": {
        "value": "linear-gradient(161deg, #FFF 22.45%, rgba(167, 167, 167, 0.00) 91.6%)",
        "type": "color"
      },
      "certifications": {
        "value": "linear-gradient(161deg, #FFF 25.3%, rgba(255, 255, 255, 0.00) 91.6%)",
        "type": "color"
      }
    },
    "icons": {
      "neutral": {
        "50": {
          "normal": {
            "value": "{color.global.neutral.500}",
            "type": "color"
          },
          "hover": {
            "value": "{color.global.neutral.400}",
            "type": "color"
          }
        },
        "400": {
          "normal": {
            "value": "{color.global.neutral.300}",
            "type": "color"
          },
          "hover": {
            "value": "{color.global.neutral.400}",
            "type": "color"
          }
        },
        "500": {
          "normal": {
            "value": "{color.global.neutral.50}",
            "type": "color"
          },
          "hover": {
            "value": "{color.global.neutral.300}",
            "type": "color"
          }
        }
      }
    }
  },
  "boxShadow": {
    "container": {
      "mild": {
        "normal": {
          "value": {
            "x": "0",
            "y": "4",
            "blur": "64",
            "spread": "0",
            "color": "{color.global.neutral.400}26",
            "type": "dropShadow"
          },
          "type": "boxShadow"
        },
        "hover": {
          "value": {
            "x": "0",
            "y": "4",
            "blur": "64",
            "spread": "0",
            "color": "{color.global.neutral.500}05",
            "type": "dropShadow"
          },
          "type": "boxShadow"
        }
      },
      "intense": {
        "normal": {
          "value": {
            "x": "0",
            "y": "4",
            "blur": "32",
            "spread": "0",
            "color": "{color.global.neutral.500}41",
            "type": "dropShadow"
          },
          "type": "boxShadow"
        },
        "hover": {
          "value": {
            "x": "0",
            "y": "4",
            "blur": "32",
            "spread": "0",
            "color": "{color.global.neutral.500}05",
            "type": "dropShadow"
          },
          "type": "boxShadow"
        }
      }
    },
    "circle": {
      "header": {
        "value": {
          "x": "0",
          "y": "4",
          "blur": "88",
          "spread": "0",
          "color": "{color.global.neutral.50}",
          "type": "dropShadow"
        },
        "type": "boxShadow"
      },
      "values": {
        "value": {
          "x": "0",
          "y": "4",
          "blur": "65",
          "spread": "0",
          "color": "{color.global.neutral.50}",
          "type": "dropShadow"
        },
        "type": "boxShadow"
      },
      "certifications": {
        "value": {
          "x": "0",
          "y": "4",
          "blur": "65",
          "spread": "0",
          "color": "{color.global.neutral.50}",
          "type": "dropShadow"
        },
        "type": "boxShadow"
      },
      "concepts": {
        "value": {
          "x": "0",
          "y": "4",
          "blur": "65",
          "spread": "0",
          "color": "{color.global.neutral.50}",
          "type": "dropShadow"
        },
        "type": "boxShadow"
      }
    }
  }
}